- 查看自增初始值和自增步长

```shell
root@localhost [(none)]>show session variables like 'auto_inc%';
  +--------------------------+-------+
  | Variable_name            | Value |
  +--------------------------+-------+
  | auto_increment_increment | 1     |
  | auto_increment_offset    | 1     |
  +--------------------------+-------+
  2 rows in set (0.00 sec)

root@localhost [(none)]>show global variables like 'auto_inc%';
+--------------------------+-------+
| Variable_name            | Value |
+--------------------------+-------+
| auto_increment_increment | 1     |
| auto_increment_offset    | 1     |
+--------------------------+-------+
2 rows in set (0.00 sec)
```

- 创建表

```shell
root@localhost [hjxtest]>create table test(id int AUTO_INCREMENT primary key,name char(10),name1 char(10));
Query OK, 0 rows affected (0.13 sec)

root@localhost [hjxtest]>show tables;
+-------------------+
| Tables_in_hjxtest |
+-------------------+
| test              |
+-------------------+
1 row in set (0.00 sec)

root@localhost [hjxtest]>select * from test;
Empty set (0.00 sec)
```

- 插入数据

```shell
root@localhost [hjxtest]>insert into test(name,name1) values('knk','nko'),('km','bcyuf'),('nk','fff'),('mk','dff'),('nj','sfff');
Query OK, 5 rows affected (0.03 sec)
Records: 5  Duplicates: 0  Warnings: 0

root@localhost [hjxtest]>select * from test;
+----+------+-------+
| id | name | name1 |
+----+------+-------+
|  1 | knk  | nko   |
|  2 | km   | bcyuf |
|  3 | nk   | fff   |
|  4 | mk   | dff   |
|  5 | nj   | sfff  |
+----+------+-------+
5 rows in set (0.00 sec)
```
- session级别自增初始值和自增步长

```shell
root@localhost [hjxtest]>set session auto_increment_increment = 2;
Query OK, 0 rows affected (0.01 sec)

root@localhost [hjxtest]>set session auto_increment_offset = 1;
Query OK, 0 rows affected (0.00 sec)

root@localhost [hjxtest]>show session variables like 'auto_inc%';
+--------------------------+-------+
| Variable_name            | Value |
+--------------------------+-------+
| auto_increment_increment | 2     |
| auto_increment_offset    | 1     |
+--------------------------+-------+
2 rows in set (0.00 sec)

root@localhost [hjxtest]>show global variables like 'auto_inc%';
+--------------------------+-------+
| Variable_name            | Value |
+--------------------------+-------+
| auto_increment_increment | 1     |
| auto_increment_offset    | 1     |
+--------------------------+-------+
2 rows in set (0.00 sec)
```

- 再次插入数据
```shell
root@localhost [hjxtest]>insert into test(name,name1) values('knk','nko'),('km','bcyuf'),('nk','fff'),('mk','dff'),('nj','sfff');
Query OK, 5 rows affected (0.06 sec)
Records: 5  Duplicates: 0  Warnings: 0

root@localhost [hjxtest]>select * from test;
+----+------+-------+
| id | name | name1 |
+----+------+-------+
|  1 | knk  | nko   |
|  2 | km   | bcyuf |
|  3 | nk   | fff   |
|  4 | mk   | dff   |
|  5 | nj   | sfff  |
|  7 | knk  | nko   |
|  9 | km   | bcyuf |
| 11 | nk   | fff   |
| 13 | mk   | dff   |
| 15 | nj   | sfff  |
+----+------+-------+
10 rows in set (0.00 sec)
```
*修改会话级别自增初始值和自增步长重新插入数据有用*

- 再次创建新表
```shell
root@localhost [hjxtest]>create table test1(id int AUTO_INCREMENT primary key,name char(10),name1 char(10));
Query OK, 0 rows affected (0.22 sec)

root@localhost [hjxtest]>select * from test;
+----+------+-------+
| id | name | name1 |
+----+------+-------+
|  1 | knk  | nko   |
|  2 | km   | bcyuf |
|  3 | nk   | fff   |
|  4 | mk   | dff   |
|  5 | nj   | sfff  |
|  7 | knk  | nko   |
|  9 | km   | bcyuf |
| 11 | nk   | fff   |
| 13 | mk   | dff   |
| 15 | nj   | sfff  |
+----+------+-------+
10 rows in set (0.00 sec)

root@localhost [hjxtest]>select * from test1;
Empty set (0.00 sec)

root@localhost [hjxtest]>insert into test1(name,name1) values('knk','nko'),('km','bcyuf'),('nk','fff'),('mk','dff'),('nj','sfff');
Query OK, 5 rows affected (0.04 sec)
Records: 5  Duplicates: 0  Warnings: 0

root@localhost [hjxtest]>select * from test1;
+----+------+-------+
| id | name | name1 |
+----+------+-------+
|  1 | knk  | nko   |
|  3 | km   | bcyuf |
|  5 | nk   | fff   |
|  7 | mk   | dff   |
|  9 | nj   | sfff  |
+----+------+-------+
5 rows in set (0.00 sec)
```

- 删除表一条记录，自增列会从删除后的id开始
```shell
root@localhost [hjxtest]>delete from test1 where id=9;
Query OK, 1 row affected (0.02 sec)

root@localhost [hjxtest]>select * from test1;
+----+------+-------+
| id | name | name1 |
+----+------+-------+
|  1 | knk  | nko   |
|  3 | km   | bcyuf |
|  5 | nk   | fff   |
|  7 | mk   | dff   |
+----+------+-------+
4 rows in set (0.00 sec)

root@localhost [hjxtest]>insert into test1(name,name1) values('knk','nko'),('km','bcyuf'),('nk','fff'),('mk','dff'),('nj','sfff');
Query OK, 5 rows affected (0.03 sec)
Records: 5  Duplicates: 0  Warnings: 0

root@localhost [hjxtest]>select * from test1;
+----+------+-------+
| id | name | name1 |
+----+------+-------+
|  1 | knk  | nko   |
|  3 | km   | bcyuf |
|  5 | nk   | fff   |
|  7 | mk   | dff   |
| 11 | knk  | nko   |
| 13 | km   | bcyuf |
| 15 | nk   | fff   |
| 17 | mk   | dff   |
| 19 | nj   | sfff  |
+----+------+-------+
9 rows in set (0.00 sec)
```
*当前会话ctrl+c,再重新连接测试*

```shell
root@localhost [hjxtest]>exit
Bye
[root@node1 ~]# mysql -uroot -pZyadmin123
Warning: Using a password on the command line interface can be insecure.
Welcome to the MySQL monitor.  Commands end with ; or \g.
Your MySQL connection id is 131988
Server version: 5.6.45-log MySQL Community Server (GPL)

Copyright (c) 2000, 2019, Oracle and/or its affiliates. All rights reserved.

Oracle is a registered trademark of Oracle Corporation and/or its
affiliates. Other names may be trademarks of their respective
owners.

Type 'help;' or '\h' for help. Type '\c' to clear the current input statement.

root@localhost [(none)]>use hjxtest;
Database changed
root@localhost [hjxtest]>show session variables like 'auto_inc%';
+--------------------------+-------+
| Variable_name            | Value |
+--------------------------+-------+
| auto_increment_increment | 1     |
| auto_increment_offset    | 1     |
+--------------------------+-------+
2 rows in set (0.00 sec)

root@localhost [hjxtest]>create table test3(id int AUTO_INCREMENT primary key,name char(10),name1 char(10));
Query OK, 0 rows affected (0.14 sec)

root@localhost [hjxtest]>insert into test3(name,name1) values('knk','nko'),('km','bcyuf'),('nk','fff'),('mk','dff'),('nj','sfff');
Query OK, 5 rows affected (0.03 sec)
Records: 5  Duplicates: 0  Warnings: 0

root@localhost [hjxtest]>select * from test3;
+----+------+-------+
| id | name | name1 |
+----+------+-------+
|  1 | knk  | nko   |
|  2 | km   | bcyuf |
|  3 | nk   | fff   |
|  4 | mk   | dff   |
|  5 | nj   | sfff  |
+----+------+-------+
5 rows in set (0.00 sec)
```

- 换一个终端
```shell
root@localhost [(none)]>use hjxtest;
Database changed
root@localhost [hjxtest]>show session variables like 'auto_inc%';
+--------------------------+-------+
| Variable_name            | Value |
+--------------------------+-------+
| auto_increment_increment | 1     |
| auto_increment_offset    | 1     |
+--------------------------+-------+
2 rows in set (0.00 sec)

root@localhost [hjxtest]>create table test2(id int AUTO_INCREMENT primary key,name char(10),name1 char(10));
Query OK, 0 rows affected (0.13 sec)

root@localhost [hjxtest]>insert into test2(name,name1) values('knk','nko'),('km','bcyuf'),('nk','fff'),('mk','dff'),('nj','sfff');
Query OK, 5 rows affected (0.13 sec)
Records: 5  Duplicates: 0  Warnings: 0

root@localhost [hjxtest]>select * from test2;
+----+------+-------+
| id | name | name1 |
+----+------+-------+
|  1 | knk  | nko   |
|  2 | km   | bcyuf |
|  3 | nk   | fff   |
|  4 | mk   | dff   |
|  5 | nj   | sfff  |
+----+------+-------+
5 rows in set (0.00 sec)
```
*会话级别只对当前session有作用，退出当前会话就不再可用*

-修改全局自增
```shell
root@localhost [(none)]>show session variables like 'auto_inc%';
+--------------------------+-------+
| Variable_name            | Value |
+--------------------------+-------+
| auto_increment_increment | 1     |
| auto_increment_offset    | 1     |
+--------------------------+-------+
2 rows in set (0.00 sec)

root@localhost [(none)]>show global variables like 'auto_inc%';
+--------------------------+-------+
| Variable_name            | Value |
+--------------------------+-------+
| auto_increment_increment | 1     |
| auto_increment_offset    | 1     |
+--------------------------+-------+
2 rows in set (0.00 sec)

root@localhost [(none)]>set global auto_increment_increment = 2;
Query OK, 0 rows affected (0.00 sec)

root@localhost [(none)]>set global auto_increment_offset = 1;
Query OK, 0 rows affected (0.00 sec)

root@localhost [(none)]>show global variables like 'auto_inc%';
+--------------------------+-------+
| Variable_name            | Value |
+--------------------------+-------+
| auto_increment_increment | 2     |
| auto_increment_offset    | 1     |
+--------------------------+-------+
2 rows in set (0.00 sec)

root@localhost [(none)]>show session variables like 'auto_inc%';
+--------------------------+-------+
| Variable_name            | Value |
+--------------------------+-------+
| auto_increment_increment | 1     |
| auto_increment_offset    | 1     |
+--------------------------+-------+
2 rows in set (0.00 sec)

root@localhost [(none)]>use hjxtest;
Database changed
root@localhost [hjxtest]>select * from test;
+----+------+-------+
| id | name | name1 |
+----+------+-------+
|  1 | knk  | nko   |
|  2 | km   | bcyuf |
|  3 | nk   | fff   |
|  4 | mk   | dff   |
|  5 | nj   | sfff  |
|  7 | knk  | nko   |
|  9 | km   | bcyuf |
| 11 | nk   | fff   |
| 13 | mk   | dff   |
| 15 | nj   | sfff  |
+----+------+-------+
10 rows in set (0.00 sec)

root@localhost [hjxtest]>insert into test(name,name1) values('knk','nko'),('km','bcyuf'),('nk','fff'),('mk','dff'),('nj','sfff');
Query OK, 5 rows affected (0.13 sec)
Records: 5  Duplicates: 0  Warnings: 0

root@localhost [hjxtest]>select * from test;
+----+------+-------+
| id | name | name1 |
+----+------+-------+
|  1 | knk  | nko   |
|  2 | km   | bcyuf |
|  3 | nk   | fff   |
|  4 | mk   | dff   |
|  5 | nj   | sfff  |
|  7 | knk  | nko   |
|  9 | km   | bcyuf |
| 11 | nk   | fff   |
| 13 | mk   | dff   |
| 15 | nj   | sfff  |
| 17 | knk  | nko   |
| 18 | km   | bcyuf |
| 19 | nk   | fff   |
| 20 | mk   | dff   |
| 21 | nj   | sfff  |
+----+------+-------+
15 rows in set (0.00 sec)
```
*当前会话ID不会按照刚刚的global设置进行变化，将当前会话ctrl+c，再次对表进行操作*
```shell
root@localhost [hjxtest]>exit
Bye
[root@node1 ~]# mysql -uroot -pZyadmin123
Warning: Using a password on the command line interface can be insecure.
Welcome to the MySQL monitor.  Commands end with ; or \g.
Your MySQL connection id is 132852
Server version: 5.6.45-log MySQL Community Server (GPL)

Copyright (c) 2000, 2019, Oracle and/or its affiliates. All rights reserved.

Oracle is a registered trademark of Oracle Corporation and/or its
affiliates. Other names may be trademarks of their respective
owners.

Type 'help;' or '\h' for help. Type '\c' to clear the current input statement.

root@localhost [(none)]>show global variables like 'auto_inc%';
+--------------------------+-------+
| Variable_name            | Value |
+--------------------------+-------+
| auto_increment_increment | 2     |
| auto_increment_offset    | 1     |
+--------------------------+-------+
2 rows in set (0.00 sec)

root@localhost [(none)]>show session variables like 'auto_inc%';
+--------------------------+-------+
| Variable_name            | Value |
+--------------------------+-------+
| auto_increment_increment | 2     |
| auto_increment_offset    | 1     |
+--------------------------+-------+
2 rows in set (0.00 sec)

root@localhost [(none)]>use hjxtest;
Database changed
root@localhost [hjxtest]>select * from test;
+----+------+-------+
| id | name | name1 |
+----+------+-------+
|  1 | knk  | nko   |
|  2 | km   | bcyuf |
|  3 | nk   | fff   |
|  4 | mk   | dff   |
|  5 | nj   | sfff  |
|  7 | knk  | nko   |
|  9 | km   | bcyuf |
| 11 | nk   | fff   |
| 13 | mk   | dff   |
| 15 | nj   | sfff  |
| 17 | knk  | nko   |
| 18 | km   | bcyuf |
| 19 | nk   | fff   |
| 20 | mk   | dff   |
| 21 | nj   | sfff  |
| 22 | knk  | nko   |
| 23 | km   | bcyuf |
| 24 | nk   | fff   |
| 25 | mk   | dff   |
| 26 | nj   | sfff  |
| 27 | knk  | nko   |
| 29 | km   | bcyuf |
| 31 | nk   | fff   |
| 33 | mk   | dff   |
| 35 | nj   | sfff  |
| 37 | knk  | nko   |
| 38 | km   | bcyuf |
| 39 | nk   | fff   |
| 40 | mk   | dff   |
| 41 | nj   | sfff  |
+----+------+-------+
30 rows in set (0.00 sec)

root@localhost [hjxtest]>insert into test(name,name1) values('knk','nko'),('km','bcyuf'),('nk','fff'),('mk','dff'),('nj','sfff');
Query OK, 5 rows affected (0.12 sec)
Records: 5  Duplicates: 0  Warnings: 0

root@localhost [hjxtest]>select * from test;
+----+------+-------+
| id | name | name1 |
+----+------+-------+
|  1 | knk  | nko   |
|  2 | km   | bcyuf |
|  3 | nk   | fff   |
|  4 | mk   | dff   |
|  5 | nj   | sfff  |
|  7 | knk  | nko   |
|  9 | km   | bcyuf |
| 11 | nk   | fff   |
| 13 | mk   | dff   |
| 15 | nj   | sfff  |
| 17 | knk  | nko   |
| 18 | km   | bcyuf |
| 19 | nk   | fff   |
| 20 | mk   | dff   |
| 21 | nj   | sfff  |
| 22 | knk  | nko   |
| 23 | km   | bcyuf |
| 24 | nk   | fff   |
| 25 | mk   | dff   |
| 26 | nj   | sfff  |
| 27 | knk  | nko   |
| 29 | km   | bcyuf |
| 31 | nk   | fff   |
| 33 | mk   | dff   |
| 35 | nj   | sfff  |
| 37 | knk  | nko   |
| 38 | km   | bcyuf |
| 39 | nk   | fff   |
| 40 | mk   | dff   |
| 41 | nj   | sfff  |
| 43 | knk  | nko   |
| 45 | km   | bcyuf |
| 47 | nk   | fff   |
| 49 | mk   | dff   |
| 51 | nj   | sfff  |
+----+------+-------+
35 rows in set (0.01 sec)
```

- 操作就会变化，另起终端也会有变化
```shell
root@localhost [hjxtest]>show create table test;
+-------+---------------------------------------------------------------------------------------------------------------------------------------------------------------------------------------------------------------+
| Table | Create Table                                                                                                                                                                                                  |
+-------+---------------------------------------------------------------------------------------------------------------------------------------------------------------------------------------------------------------+
| test  | CREATE TABLE `test` (
  `id` int(11) NOT NULL AUTO_INCREMENT,
  `name` char(10) DEFAULT NULL,
  `name1` char(10) DEFAULT NULL,
  PRIMARY KEY (`id`)
) ENGINE=InnoDB AUTO_INCREMENT=53 DEFAULT CHARSET=utf8mb4 |
+-------+---------------------------------------------------------------------------------------------------------------------------------------------------------------------------------------------------------------+
1 row in set (0.00 sec)

root@localhost [hjxtest]>alter table test auto_increment = 60;
Query OK, 0 rows affected (0.05 sec)
Records: 0  Duplicates: 0  Warnings: 0

root@localhost [hjxtest]>select * from test;
+----+------+-------+
| id | name | name1 |
+----+------+-------+
|  1 | knk  | nko   |
|  2 | km   | bcyuf |
|  3 | nk   | fff   |
|  4 | mk   | dff   |
|  5 | nj   | sfff  |
|  7 | knk  | nko   |
|  9 | km   | bcyuf |
| 11 | nk   | fff   |
| 13 | mk   | dff   |
| 15 | nj   | sfff  |
| 17 | knk  | nko   |
| 18 | km   | bcyuf |
| 19 | nk   | fff   |
| 20 | mk   | dff   |
| 21 | nj   | sfff  |
| 22 | knk  | nko   |
| 23 | km   | bcyuf |
| 24 | nk   | fff   |
| 25 | mk   | dff   |
| 26 | nj   | sfff  |
| 27 | knk  | nko   |
| 29 | km   | bcyuf |
| 31 | nk   | fff   |
| 33 | mk   | dff   |
| 35 | nj   | sfff  |
| 37 | knk  | nko   |
| 38 | km   | bcyuf |
| 39 | nk   | fff   |
| 40 | mk   | dff   |
| 41 | nj   | sfff  |
| 43 | knk  | nko   |
| 45 | km   | bcyuf |
| 47 | nk   | fff   |
| 49 | mk   | dff   |
| 51 | nj   | sfff  |
+----+------+-------+
35 rows in set (0.00 sec)

root@localhost [hjxtest]>insert into test(name,name1) values('knk','nko'),('km','bcyuf'),('nk','fff'),('mk','dff'),('nj','sfff');
Query OK, 5 rows affected (0.04 sec)
Records: 5  Duplicates: 0  Warnings: 0

root@localhost [hjxtest]>select * from test;
+----+------+-------+
| id | name | name1 |
+----+------+-------+
|  1 | knk  | nko   |
|  2 | km   | bcyuf |
|  3 | nk   | fff   |
|  4 | mk   | dff   |
|  5 | nj   | sfff  |
|  7 | knk  | nko   |
|  9 | km   | bcyuf |
| 11 | nk   | fff   |
| 13 | mk   | dff   |
| 15 | nj   | sfff  |
| 17 | knk  | nko   |
| 18 | km   | bcyuf |
| 19 | nk   | fff   |
| 20 | mk   | dff   |
| 21 | nj   | sfff  |
| 22 | knk  | nko   |
| 23 | km   | bcyuf |
| 24 | nk   | fff   |
| 25 | mk   | dff   |
| 26 | nj   | sfff  |
| 27 | knk  | nko   |
| 29 | km   | bcyuf |
| 31 | nk   | fff   |
| 33 | mk   | dff   |
| 35 | nj   | sfff  |
| 37 | knk  | nko   |
| 38 | km   | bcyuf |
| 39 | nk   | fff   |
| 40 | mk   | dff   |
| 41 | nj   | sfff  |
| 43 | knk  | nko   |
| 45 | km   | bcyuf |
| 47 | nk   | fff   |
| 49 | mk   | dff   |
| 51 | nj   | sfff  |
| 61 | knk  | nko   |
| 63 | km   | bcyuf |
| 65 | nk   | fff   |
| 67 | mk   | dff   |
| 69 | nj   | sfff  |
+----+------+-------+
40 rows in set (0.00 sec)

root@localhost [hjxtest]>
```

参考：https://dev.mysql.com/doc/refman/5.6/en/alter-table.html
```sql
table_option:
    AUTO_INCREMENT [=] value
  | AVG_ROW_LENGTH [=] value
  | [DEFAULT] CHARACTER SET [=] charset_name
  | CHECKSUM [=] {0 | 1}
  | [DEFAULT] COLLATE [=] collation_name
  | COMMENT [=] 'string'
  | CONNECTION [=] 'connect_string'
  | {DATA|INDEX} DIRECTORY [=] 'absolute path to directory'
  | DELAY_KEY_WRITE [=] {0 | 1}
  | ENGINE [=] engine_name
  | INSERT_METHOD [=] { NO | FIRST | LAST }
  | KEY_BLOCK_SIZE [=] value
  | MAX_ROWS [=] value
  | MIN_ROWS [=] value
  | PACK_KEYS [=] {0 | 1 | DEFAULT}
  | PASSWORD [=] 'string'
  | ROW_FORMAT [=] {DEFAULT|DYNAMIC|FIXED|COMPRESSED|REDUNDANT|COMPACT}
  | STATS_AUTO_RECALC [=] {DEFAULT|0|1}
  | STATS_PERSISTENT [=] {DEFAULT|0|1}
  | STATS_SAMPLE_PAGES [=] value
  | TABLESPACE tablespace_name [STORAGE {DISK|MEMORY}]
  | UNION [=] (tbl_name[,tbl_name]...)
```

阿里帮助参考：https://help.aliyun.com/knowledge_detail/41740.html?spm=5176.10695662.1996646101.searchclickresult.5744626celEF0c






